place_id,name,description,is_spending_on_ads,reviews,website,owner_name,owner_profile_link,featured_image,main_category,categories,rating,workday_timing,closed_on,phone,address,review_keywords,link
ChIJO1V_sWZxhlQR69RUQ1rHcb0,McDonald's,"Classic, long-running fast-food chain known for its burgers & fries.",False,4490,https://www.mcdonalds.com/ca/en-ca/restaurant-locator.html%3Fy_source%3D1_MTQ1MTkyNjUtNzE1LWxvY2F0aW9uLndlYnNpdGU%253D,McDonald's (Owner),https://www.google.com/maps/contrib/110085201115745742407,https://lh5.googleusercontent.com/p/AF1QipNkro2KL-N_HNPG7VbbLmnwqzEmgKITc-KJy_2-=w408-h544-k-no,Fast food restaurant,"Fast food restaurant, American restaurant, Breakfast restaurant, Cafe, Hamburger restaurant, Restaurant",3.4,Open 24 hours,,(604) 718-1075,"McDonald's, 1527 Main St, Vancouver, BC V6A 2W5","drive thru, homeless, bathroom, play area, big mac, security guard, mcmuffin, quarter pounder, wifi, science",https://www.google.com/maps/place/McDonald%27s/data=!4m7!3m6!1s0x54867166b17f553b:0xbd71c75a4354d4eb!8m2!3d49.2718666!4d-123.1006106!16s%2Fg%2F1tptq99t!19sChIJO1V_sWZxhlQR69RUQ1rHcb0?authuser=0&hl=en&rclk=1
ChIJSxi51iV3hlQR0T8nbv0Rmfw,McDonald's,"Classic, long-running fast-food chain known for its burgers & fries.",False,3146,https://www.mcdonalds.com/ca/en-ca/restaurant-locator.html%3Fy_source%3D1_MTQ1MTk0ODEtNzE1LWxvY2F0aW9uLndlYnNpdGU%253D,McDonald's (Owner),https://www.google.com/maps/contrib/114394789384620239884,https://lh5.googleusercontent.com/p/AF1QipNex-hFlHm7IfKKs-BeTzOKDQN7rq4lMoMhUSM7=w408-h544-k-no,Fast food restaurant,"Fast food restaurant, American restaurant, Breakfast restaurant, Cafe, Hamburger restaurant, Restaurant",3.5,Open 24 hours,,(604) 718-1090,"McDonald's, 4410 Still Creek Dr, Burnaby, BC V5C 6C6","drive through, parking, play area, kiosks, renovated, head office, egg mcmuffin, mcflurry, stairs, mcgriddle",https://www.google.com/maps/place/McDonald%27s/data=!4m7!3m6!1s0x54867725d6b9184b:0xfc9911fd6e273fd1!8m2!3d49.2602993!4d-123.0055038!16s%2Fg%2F1vm_xkt_!19sChIJSxi51iV3hlQR0T8nbv0Rmfw?authuser=0&hl=en&rclk=1
ChIJmyJFUK92hlQR8TKJUkyQBXY,McDonald's,"Classic, long-running fast-food chain known for its burgers & fries.",False,2899,https://www.mcdonalds.com/ca/en-ca/restaurant-locator.html%3Fy_source%3D1_MTQ1MjA2NTMtNzE1LWxvY2F0aW9uLndlYnNpdGU%253D,McDonald's (Owner),https://www.google.com/maps/contrib/100148608466603888665,https://lh5.googleusercontent.com/p/AF1QipMT3FZHZLv1xDTXtp4cEZAyeUfddGvNFuSttSUY=w408-h318-k-no,Fast food restaurant,"Fast food restaurant, American restaurant, Breakfast restaurant, Cafe, Hamburger restaurant, Restaurant",3.2,4 a.m.-12 a.m.,,(604) 718-1060,"McDonald's, 2021 Kingsway, Vancouver, BC V5N 2T2","drive thru, napkins, kiosk, renovations, traffic, condiments, straw, mess, homeless, egg mcmuffin",https://www.google.com/maps/place/McDonald%27s/data=!4m7!3m6!1s0x548676af5045229b:0x7605904c528932f1!8m2!3d49.2451627!4d-123.0641714!16s%2Fg%2F1tqnl9sk!19sChIJmyJFUK92hlQR8TKJUkyQBXY?authuser=0&hl=en&rclk=1
ChIJ2-rfaC3ahVQRnkRYmFPnWCs,McDonald's,"Classic, long-running fast-food chain known for its burgers & fries.",False,2871,https://www.mcdonalds.com/ca/en-ca/restaurant-locator.html%3Fy_source%3D1_MTQ1MTk0MTAtNzE1LWxvY2F0aW9uLndlYnNpdGU%253D,McDonald's (Owner),https://www.google.com/maps/contrib/103526831810667820835,https://lh5.googleusercontent.com/p/AF1QipOTQF9feviQsUnfMhMG1xKmXaJiUGmTeRBYpspv=w408-h544-k-no,Fast food restaurant,"Fast food restaurant, American restaurant, Breakfast restaurant, Cafe, Hamburger restaurant, Restaurant",3,5 a.m.-12 a.m.,,(604) 501-7880,"McDonald's, 13565 72 Ave, Surrey, BC V3W 2N9","drive thru, ketchup, mcchicken, homeless, poutine, check, ice cream machine, mcflurry, screw, fruit flies",https://www.google.com/maps/place/McDonald%27s/data=!4m7!3m6!1s0x5485da2d68dfeadb:0x2b58e7539858449e!8m2!3d49.1338167!4d-122.8468732!16s%2Fg%2F1thkwz9n!19sChIJ2-rfaC3ahVQRnkRYmFPnWCs?authuser=0&hl=en&rclk=1
ChIJ6XRy32zXhVQRMO8fN7CiHpk,McDonald's,"Classic, long-running fast-food chain known for its burgers & fries.",False,2863,https://www.mcdonalds.com/ca/en-ca/restaurant-locator.html%3Fy_source%3D1_MTQ1MTkxNTYtNzE1LWxvY2F0aW9uLndlYnNpdGU%253D,McDonald's (Owner),https://www.google.com/maps/contrib/105847931066773214273,https://lh5.googleusercontent.com/p/AF1QipNm_bqTieOSgSlryadGg3VLyGmKLm4cf31BgNSd=w513-h240-k-no,Fast food restaurant,"Fast food restaurant, American restaurant, Breakfast restaurant, Cafe, Hamburger restaurant, Restaurant",3.2,Open 24 hours,,(604) 587-3380,"McDonald's, 10250 152 St, Surrey, BC V3R 3G8","drive thru, coffee, play area, egg mcmuffin, kiosk, poutine, sugar, teenagers, table service, printers",https://www.google.com/maps/place/McDonald%27s/data=!4m7!3m6!1s0x5485d76cdf7274e9:0x991ea2b0371fef30!8m2!3d49.1893022!4d-122.80029!16s%2Fg%2F1tf7gbyb!19sChIJ6XRy32zXhVQRMO8fN7CiHpk?authuser=0&hl=en&rclk=1
ChIJ7ZDqqCrYhVQR1j2qTDfY844,McDonald's,"Classic, long-running fast-food chain known for its burgers & fries.",False,2718,https://www.mcdonalds.com/ca/en-ca/restaurant-locator.html%3Fy_source%3D1_MTQ1MjA1ODYtNzE1LWxvY2F0aW9uLndlYnNpdGU%253D,McDonald's (Owner),https://www.google.com/maps/contrib/101300579358589561560,https://lh5.googleusercontent.com/p/AF1QipMFXIfsXkrOZnIdzAWIt0HrQq24M7eLzyEBLSk1=w408-h264-k-no,Fast food restaurant,"Fast food restaurant, American restaurant, Breakfast restaurant, Cafe, Hamburger restaurant, Restaurant",3.1,6 a.m.-10 p.m.,,(604) 587-7015,"McDonald's, 10240 King George Blvd, Surrey, BC V3T 2W5","drive thru, bathroom, window, homeless, big mac, counter, sugar, addicts, lane, toilet paper",https://www.google.com/maps/place/McDonald%27s/data=!4m7!3m6!1s0x5485d82aa8ea90ed:0x8ef3d8374caa3dd6!8m2!3d49.1887165!4d-122.8447734!16s%2Fg%2F11_thvxxk!19sChIJ7ZDqqCrYhVQR1j2qTDfY844?authuser=0&hl=en&rclk=1
ChIJQYxv_Vh2hlQRYw48kIVpKJQ,McDonald's,"Classic, long-running fast-food chain known for its burgers & fries.",False,2652,https://www.mcdonalds.com/ca/en-ca/restaurant-locator.html%3Fy_source%3D1_MTQ1MjA3MjItNzE1LWxvY2F0aW9uLndlYnNpdGU%253D,McDonald's (Owner),https://www.google.com/maps/contrib/115983130207123458070,https://lh5.googleusercontent.com/p/AF1QipME4pS84ed94ldS-192o4oSnM9xvhNpLEp1Gw6Y=w408-h306-k-no,Fast food restaurant,"Fast food restaurant, American restaurant, Breakfast restaurant, Cafe, Hamburger restaurant, Restaurant",3.6,6 a.m.-12 a.m.,,(604) 718-1005,"McDonald's, 4700 Kingsway #1160, Burnaby, BC V5H 4M1","coffee, mall, machine, big mac, night, system, crowd, social distancing, cone, mcflurry",https://www.google.com/maps/place/McDonald%27s/data=!4m7!3m6!1s0x54867658fd6f8c41:0x94286985903c0e63!8m2!3d49.2273362!4d-122.9997347!16s%2Fg%2F1tj4ydff!19sChIJQYxv_Vh2hlQRYw48kIVpKJQ?authuser=0&hl=en&rclk=1
ChIJFexDm9V2hlQRiATw_5yHB5k,McDonald's,"Classic, long-running fast-food chain known for its burgers & fries.",False,2578,https://www.mcdonalds.com/ca/en-ca/restaurant-locator.html%3Fy_source%3D1_MTQ1MjA2MTMtNzE1LWxvY2F0aW9uLndlYnNpdGU%253D,McDonald's (Owner),https://www.google.com/maps/contrib/107715776832748902065,https://lh5.googleusercontent.com/p/AF1QipP-TeqpmzuqUQaExQpBDNZehJrmKSVe5M0q2TRl=w426-h240-k-no,Fast food restaurant,"Fast food restaurant, American restaurant, Breakfast restaurant, Cafe, Hamburger restaurant, Restaurant",3.4,Open 24 hours,,(604) 718-1050,"McDonald's, 3695 Lougheed Hwy., Vancouver, BC V5M 2A6","drive thru, coffee, parking, big mac, convenient, bagel, patty, self serve, grilled, school",https://www.google.com/maps/place/McDonald%27s/data=!4m7!3m6!1s0x548676d59b43ec15:0x9907879cfff00488!8m2!3d49.2659375!4d-123.0243593!16s%2Fg%2F1vntjlcm!19sChIJFexDm9V2hlQRiATw_5yHB5k?authuser=0&hl=en&rclk=1
ChIJnRUJyFh0hlQRjYWSUB-fnZY,McDonald's,"Classic, long-running fast-food chain known for its burgers & fries.",False,2404,https://www.mcdonalds.com/ca/en-ca/restaurant-locator.html%3Fy_source%3D1_MTQ1MjA1OTYtNzE1LWxvY2F0aW9uLndlYnNpdGU%253D,McDonald's (Owner),https://www.google.com/maps/contrib/100960274261306086705,https://lh5.googleusercontent.com/p/AF1QipNvWfsJs7aUd8wkbKQNZJ6hsAUvPZ1YsOJ2WA5g=w426-h240-k-no,Fast food restaurant,"Fast food restaurant, American restaurant, Breakfast restaurant, Cafe, Hamburger restaurant, Restaurant",3.7,6 a.m.-12 a.m.,,(604) 718-1043,"McDonald's, 160 SW Marine Dr, Vancouver, BC V5X 2R1","drive through, clean, parking, play area, morning, mobile, kiosk, employee, happy meal, patio",https://www.google.com/maps/place/McDonald%27s/data=!4m7!3m6!1s0x54867458c809159d:0x969d9f1f5092858d!8m2!3d49.2119042!4d-123.1091738!16s%2Fg%2F1tjz31hr!19sChIJnRUJyFh0hlQRjYWSUB-fnZY?authuser=0&hl=en&rclk=1
ChIJr5TTgLYKhlQRc70TD9khacw,McDonald's,"Classic, long-running fast-food chain known for its burgers & fries.",False,2377,https://www.mcdonalds.com/ca/en-ca/restaurant-locator.html%3Fy_source%3D1_MTQ1MTk3OTctNzE1LWxvY2F0aW9uLndlYnNpdGU%253D,McDonald's (Owner),https://www.google.com/maps/contrib/114674753033829534549,https://lh5.googleusercontent.com/p/AF1QipM0glyNFLCz4Mj1m9G2hIEls1mDXjiD43HmbqBb=w408-h306-k-no,Fast food restaurant,"Fast food restaurant, American restaurant, Breakfast restaurant, Cafe, Hamburger restaurant, Restaurant",3.8,6 a.m.-12 a.m.,,(604) 718-1045,"McDonald's, 7120 No. 3 Rd, Richmond, BC V6Y 2C6","drive through, clean, renovated, tables, play area, building, muffin, happy meal, parking spaces, mcdouble",https://www.google.com/maps/place/McDonald%27s/data=!4m7!3m6!1s0x54860ab680d394af:0xcc6921d90f13bd73!8m2!3d49.1616329!4d-123.135891!16s%2Fg%2F1tjfgjlx!19sChIJr5TTgLYKhlQRc70TD9khacw?authuser=0&hl=en&rclk=1
ChIJr7tCeF_ZhVQRdFIbC0FQ-2w,McDonald's,"Classic, long-running fast-food chain known for its burgers & fries.",False,2361,https://www.mcdonalds.com/ca/en-ca/restaurant-locator.html%3Fy_source%3D1_MTQ1MTkyNDMtNzE1LWxvY2F0aW9uLndlYnNpdGU%253D,McDonald's (Owner),https://www.google.com/maps/contrib/116105977711293956123,https://lh5.googleusercontent.com/p/AF1QipOss5rb9-CXdpRTpu1GFWnd08ifc_m6y4_clCP8=w408-h306-k-no,Fast food restaurant,"Fast food restaurant, American restaurant, Breakfast restaurant, Cafe, Hamburger restaurant, Restaurant",3,Open 24 hours,,(604) 592-1330,"McDonald's, 7005 120 St, Delta, BC V4E 2A9","drive thru, manager, mcflurry, poutine, ice cream machine, disgusting, quarter pounder, egg mcmuffin, mc chicken, ice cream cone",https://www.google.com/maps/place/McDonald%27s/data=!4m7!3m6!1s0x5485d95f7842bbaf:0x6cfb50410b1b5274!8m2!3d49.1307051!4d-122.8909053!16s%2Fg%2F1tj45lln!19sChIJr7tCeF_ZhVQRdFIbC0FQ-2w?authuser=0&hl=en&rclk=1
ChIJd7pHyHtzhlQR9d68GQ7l70A,McDonald's,"Classic, long-running fast-food chain known for its burgers & fries.",False,2359,https://www.mcdonalds.com/ca/en-ca/restaurant-locator.html%3Fy_source%3D1_MTQ1MTk1MTgtNzE1LWxvY2F0aW9uLndlYnNpdGU%253D,McDonald's (Owner),https://www.google.com/maps/contrib/108100434825326528017,https://lh5.googleusercontent.com/p/AF1QipPlN8A4OMKv4n5Xa5OzWjlM1_Pgp9kYq4hAsTPO=w408-h306-k-no,Fast food restaurant,"Fast food restaurant, American restaurant, Breakfast restaurant, Cafe, Hamburger restaurant, Restaurant",3.1,Open 24 hours,,(604) 718-1055,"McDonald's, 2095 W 41st Ave, Vancouver, BC V6M 1Y7","drive thru, parking, renovation, kiosk, ketchup, happy meal, counter, patio, BLT, high school",https://www.google.com/maps/place/McDonald%27s/data=!4m7!3m6!1s0x5486737bc847ba77:0x40efe50e19bcdef5!8m2!3d49.2348083!4d-123.1547561!16s%2Fg%2F1v9tzllc!19sChIJd7pHyHtzhlQR9d68GQ7l70A?authuser=0&hl=en&rclk=1
ChIJmUEegKh1hlQR0uXBOQXoLRA,McDonald's,"Classic, long-running fast-food chain known for its burgers & fries.",False,2323,https://www.mcdonalds.com/ca/en-ca/restaurant-locator.html%3Fy_source%3D1_MTQ1MjAyMjUtNzE1LWxvY2F0aW9uLndlYnNpdGU%253D,McDonald's (Owner),https://www.google.com/maps/contrib/109981060496312850231,https://lh5.googleusercontent.com/p/AF1QipPmd1RfYpXsy17cmk1Z4uzm0TiB_xD-vD3_WuTU=w408-h306-k-no,Fast food restaurant,"Fast food restaurant, American restaurant, Breakfast restaurant, Cafe, Hamburger restaurant, Restaurant",3.5,6 a.m.-10 p.m.,,(604) 718-1150,"McDonald's, 2760 Sweden Way, Richmond, BC V6V 2X1","drive through, coffee, parking, morning, app, mobile, egg mcmuffin, renovated, IKEA, flies",https://www.google.com/maps/place/McDonald%27s/data=!4m7!3m6!1s0x548675a8801e4199:0x102de80539c1e5d2!8m2!3d49.1925713!4d-123.0822254!16s%2Fg%2F1tfd22fh!19sChIJmUEegKh1hlQR0uXBOQXoLRA?authuser=0&hl=en&rclk=1
ChIJkf82NdpwhlQRLCs2T5Z6acY,McDonald's,"Classic, long-running fast-food chain known for its burgers & fries.",False,2311,https://www.mcdonalds.com/ca/en-ca/restaurant-locator.html%3Fy_source%3D1_MTQ1MjA0NTMtNzE1LWxvY2F0aW9uLndlYnNpdGU%253D,McDonald's (Owner),https://www.google.com/maps/contrib/113510061718315608724,https://lh5.googleusercontent.com/p/AF1QipO3BEiGcrIvlRAhuJ-E2TohUhxLg2xVZO2cYpHr=w408-h306-k-no,Fast food restaurant,"Fast food restaurant, American restaurant, Breakfast restaurant, Cafe, Hamburger restaurant, Restaurant",3.4,Open 24 hours,,(604) 718-1099,"McDonald's, 3444 E Hastings St, Vancouver, BC V5K 2A6","drive thru, coffee, parking, machine, play area, big mac, mcdouble, kiosk, renovation, homeless",https://www.google.com/maps/place/McDonald%27s/data=!4m7!3m6!1s0x548670da3536ff91:0xc6697a964f362b2c!8m2!3d49.280857!4d-123.0305412!16s%2Fg%2F1vzn57l8!19sChIJkf82NdpwhlQRLCs2T5Z6acY?authuser=0&hl=en&rclk=1
ChIJOVvQlMnZhVQRicBWpt9JpAE,McDonald's,"Classic, long-running fast-food chain known for its burgers & fries.",False,2310,https://www.mcdonalds.com/ca/en-ca/restaurant-locator.html?y_source=1_MTQ1MTk0MDktNzE1LWxvY2F0aW9uLndlYnNpdGU%3D,McDonald's (Owner),https://www.google.com/maps/contrib/109766867394628285239,https://lh5.googleusercontent.com/p/AF1QipPgOB0xCyhgFtyKYxD0wEbEJi2EIT8NYn6YmW-6=w408-h306-k-no,Fast food restaurant,"Fast food restaurant, American restaurant, Breakfast restaurant, Cafe, Hamburger restaurant, Restaurant",3.2,5 a.m.-12 a.m.,,(604) 587-3390,"McDonald's, 12930 96 Ave, Surrey, BC V3V 6A8","drive thru, manager, play area, behaviour, talk, happy meal, egg mcmuffin, kiosks, poutine, train",https://www.google.com/maps/place/McDonald%27s/data=!4m7!3m6!1s0x5485d9c994d05b39:0x1a449dfa656c089!8m2!3d49.1769263!4d-122.864595!16s%2Fg%2F1tptq97q!19sChIJOVvQlMnZhVQRicBWpt9JpAE?authuser=0&hl=en&rclk=1
ChIJc8boRM54hlQRa8Jn4IIR1PI,McDonald's,"Classic, long-running fast-food chain known for its burgers & fries.",False,2188,https://www.mcdonalds.com/ca/en-ca/restaurant-locator.html%3Fy_source%3D1_MTQ1MjAxMjktNzE1LWxvY2F0aW9uLndlYnNpdGU%253D,McDonald's (Owner),https://www.google.com/maps/contrib/100996329115429713122,https://lh5.googleusercontent.com/p/AF1QipMxorfb-Ka949nQrzBXHlVEx9CsDU6Zu19c0Llm=w426-h240-k-no,Fast food restaurant,"Fast food restaurant, American restaurant, Breakfast restaurant, Cafe, Hamburger restaurant, Restaurant",3.5,6 a.m.-10 p.m.,,(604) 552-4140,"McDonald's, 2725 Barnet Hwy, Coquitlam, BC V3E 1K9","drive thru, coffee, big mac, egg mcmuffin, cold, play place, patty, kiosks, bagel, convenience",https://www.google.com/maps/place/McDonald%27s/data=!4m7!3m6!1s0x548678ce44e8c673:0xf2d41182e067c26b!8m2!3d49.278354!4d-122.8127657!16s%2Fg%2F1tdp04mg!19sChIJc8boRM54hlQRa8Jn4IIR1PI?authuser=0&hl=en&rclk=1
ChIJb10iG9UKhlQROqz7XwYZLc4,McDonald's,"Classic, long-running fast-food chain known for its burgers & fries.",False,2144,https://www.mcdonalds.com/ca/en-ca/restaurant-locator.html%3Fy_source%3D1_MTQ1MTk5OTktNzE1LWxvY2F0aW9uLndlYnNpdGU%253D,McDonald's (Owner),https://www.google.com/maps/contrib/112595351070787961717,https://lh5.googleusercontent.com/p/AF1QipMjLI6tUNMmQaxS0rXfeQ0z-qX1xC4X79x5TlqU=w408-h305-k-no,Fast food restaurant,"Fast food restaurant, American restaurant, Breakfast restaurant, Cafe, Hamburger restaurant, Restaurant",3.6,5 a.m.-12 a.m.,,(604) 370-1780,"McDonald's, 8191 Alderbridge Way, Richmond, BC V6X 3A9","drive thru, clean, morning, attitude, big mac, mcmuffin, chicken nuggets, ketchup, kiosk, parking ticket",https://www.google.com/maps/place/McDonald%27s/data=!4m7!3m6!1s0x54860ad51b225d6f:0xce2d19065ffbac3a!8m2!3d49.17759!4d-123.1335939!16s%2Fg%2F1hc4tdjky!19sChIJb10iG9UKhlQROqz7XwYZLc4?authuser=0&hl=en&rclk=1
ChIJT8sc01LXhVQRjbUHw1OB570,McDonald's,"Classic, long-running fast-food chain known for its burgers & fries.",False,2055,https://www.mcdonalds.com/ca/en-ca/restaurant-locator.html%3Fy_source%3D1_MTQ1MTk0NjItNzE1LWxvY2F0aW9uLndlYnNpdGU%253D,McDonald's (Owner),https://www.google.com/maps/contrib/113139647691098594454,https://lh5.googleusercontent.com/p/AF1QipNujq_e4ICV57efkaJmhEGM55ucy92y0_bRBJjs=w426-h240-k-no,Fast food restaurant,"Fast food restaurant, American restaurant, Breakfast restaurant, Cafe, Hamburger restaurant, Restaurant",3.2,5 a.m.-12 a.m.,,(604) 507-7900,"McDonald's, 15574 Fraser Hwy, Surrey, BC V3S 2V8","drive thru, coffee, cold, big mac, straws, renovated, muffins, ice cream machine, screw, mess",https://www.google.com/maps/place/McDonald%27s/data=!4m7!3m6!1s0x5485d752d31ccb4f:0xbde78153c307b58d!8m2!3d49.161634!4d-122.7912164!16s%2Fg%2F1tfq8xss!19sChIJT8sc01LXhVQRjbUHw1OB570?authuser=0&hl=en&rclk=1
ChIJta85r-V3hlQRobwY6XVESTE,McDonald's,"Classic, long-running fast-food chain known for its burgers & fries.",False,1950,https://www.mcdonalds.com/ca/en-ca/restaurant-locator.html%3Fy_source%3D1_MTQ1MTk3NDctNzE1LWxvY2F0aW9uLndlYnNpdGU%253D,McDonald's (Owner),https://www.google.com/maps/contrib/111232628320238025951,https://lh5.googleusercontent.com/p/AF1QipMONeIsTTYaNKEZBOv84ijDYOW_RtKbX-q40GHZ=w426-h240-k-no,Fast food restaurant,"Fast food restaurant, American restaurant, Breakfast restaurant, Cafe, Hamburger restaurant, Restaurant",3.6,5 a.m.-11 p.m.,,(604) 718-1188,"McDonald's, 815 McBride Blvd, New Westminster, BC V3L 2B9","drive thru, coffee, play area, renovations, big mac, mcmuffin, self serve, syrup, bagel, ice cream cone",https://www.google.com/maps/place/McDonald%27s/data=!4m7!3m6!1s0x548677e5af39afb5:0x31494475e918bca1!8m2!3d49.2230522!4d-122.9122049!16s%2Fg%2F1xb2d7yr!19sChIJta85r-V3hlQRobwY6XVESTE?authuser=0&hl=en&rclk=1
ChIJs0Fi0n9xhlQRFNqcc3koAIE,McDonald's,"Classic, long-running fast-food chain known for its burgers & fries.",False,1891,https://www.mcdonalds.com/ca/en-ca/restaurant-locator.html%3Fy_source%3D1_MTQ1MjAwNTYtNzE1LWxvY2F0aW9uLndlYnNpdGU%253D,McDonald's (Owner),https://www.google.com/maps/contrib/100639573062452122139,https://lh5.googleusercontent.com/p/AF1QipMvIau22aQdifBs9Yz1G5Iuh3FvarPKWJ0rb_7C=w532-h240-k-no,Fast food restaurant,"Fast food restaurant, American restaurant, Breakfast restaurant, Cafe, Hamburger restaurant, Restaurant",3.5,Open 24 hours,,(604) 718-1062,"McDonald's, 891 Granville St, Vancouver, BC V6Z 1K7","homeless people, clean, tables, floor, night, smells, mcdouble, kiosk, security, mcflurry",https://www.google.com/maps/place/McDonald%27s/data=!4m7!3m6!1s0x5486717fd26241b3:0x81002879739cda14!8m2!3d49.2805624!4d-123.1214172!16s%2Fg%2F1vpq6l20!19sChIJs0Fi0n9xhlQRFNqcc3koAIE?authuser=0&hl=en&rclk=1
ChIJyzUnALfbhVQRAiFQh_AqAu0,McDonald's,"Classic, long-running fast-food chain known for its burgers & fries.",False,1809,https://www.mcdonalds.com/ca/en-ca/restaurant-locator.html%3Fy_source%3D1_MTQ1MTk2ODgtNzE1LWxvY2F0aW9uLndlYnNpdGU%253D,McDonald's (Owner),https://www.google.com/maps/contrib/108986985649442689989,https://lh5.googleusercontent.com/p/AF1QipN-7bC8N8JQRD910uKbki3YZx3rgm308h8V5Fve=w408-h306-k-no,Fast food restaurant,"Fast food restaurant, American restaurant, Breakfast restaurant, Cafe, Hamburger restaurant, Restaurant",3.2,5 a.m.-12 a.m.,,(604) 501-8925,"McDonald's, 6333 King George Blvd, Surrey, BC V3X 1G1","drive thru, manager, phone, bathroom, patty, straws, mcchicken, egg mcmuffin, respect, poutine",https://www.google.com/maps/place/McDonald%27s/data=!4m7!3m6!1s0x5485dbb7002735cb:0xed022af087502102!8m2!3d49.1182537!4d-122.846196!16s%2Fg%2F1tg5tr50!19sChIJyzUnALfbhVQRAiFQh_AqAu0?authuser=0&hl=en&rclk=1
ChIJ05zMknHQhVQR_Ou3tfJveLI,McDonald's,"Classic, long-running fast-food chain known for its burgers & fries.",False,1741,https://www.mcdonalds.com/ca/en-ca/restaurant-locator.html%3Fy_source%3D1_MTQ1MTkxMTEtNzE1LWxvY2F0aW9uLndlYnNpdGU%253D,McDonald's (Owner),https://www.google.com/maps/contrib/101616717870285487841,https://lh5.googleusercontent.com/p/AF1QipMnARy8Al3DW-oftlIKJ57Y-Feb5xtTNAQV-XYS=w408-h306-k-no,Fast food restaurant,"Fast food restaurant, American restaurant, Breakfast restaurant, Cafe, Hamburger restaurant, Restaurant",3.2,5 a.m.-12 a.m.,,(604) 575-1670,"McDonald's, 17635 64 Ave, Surrey, BC V3S 1Z2","drive thru, coffee, parking, garbage, window, cold, kiosks, muffin, screw, poutine",https://www.google.com/maps/place/McDonald%27s/data=!4m7!3m6!1s0x5485d07192cc9cd3:0xb2786ff2b5b7ebfc!8m2!3d49.1192379!4d-122.7339093!16s%2Fg%2F1tzgnxh2!19sChIJ05zMknHQhVQR_Ou3tfJveLI?authuser=0&hl=en&rclk=1
ChIJe4NI6rHEhVQROKgG-t1kkT4,McDonald's,"Classic, long-running fast-food chain known for its burgers & fries.",False,1667,https://www.mcdonalds.com/ca/en-ca/restaurant-locator.html%3Fy_source%3D1_MTQ1MTkyMjMtNzE1LWxvY2F0aW9uLndlYnNpdGU%253D,McDonald's (Owner),https://www.google.com/maps/contrib/111021161443292031707,https://lh5.googleusercontent.com/p/AF1QipPBsV5M8zAO2jRwet_2KRjVvDYdr9X8GYSNMxVU=w426-h240-k-no,Fast food restaurant,"Fast food restaurant, American restaurant, Breakfast restaurant, Cafe, Hamburger restaurant, Restaurant",3.4,6 a.m.-10 p.m.,,(604) 541-4390,"McDonald's, 3104 King George Blvd, Surrey, BC V4P 1A2","drive thru, coffee, egg mcmuffin, renovated, training, employee, mcchicken, bagel, screw, computer",https://www.google.com/maps/place/McDonald%27s/data=!4m7!3m6!1s0x5485c4b1ea48837b:0x3e9164ddfa06a838!8m2!3d49.0587514!4d-122.8088368!16s%2Fg%2F1vwlntt2!19sChIJe4NI6rHEhVQROKgG-t1kkT4?authuser=0&hl=en&rclk=1
ChIJ1fw-3jt4hlQRmhLBJqej3-0,McDonald's,"Classic, long-running fast-food chain known for its burgers & fries.",False,1597,https://www.mcdonalds.com/ca/en-ca/restaurant-locator.html%3Fy_source%3D1_MTQ1MTkxMzQtNzE1LWxvY2F0aW9uLndlYnNpdGU%253D,McDonald's (Owner),https://www.google.com/maps/contrib/118234636881352427476,https://lh5.googleusercontent.com/p/AF1QipPIhpscAZ3wTMp2BUhj3fw175F_s1kKSjxUo0EY=w426-h240-k-no,Fast food restaurant,"Fast food restaurant, American restaurant, Breakfast restaurant, Cafe, Hamburger restaurant, Restaurant",3.4,6 a.m.-2 a.m.,,(604) 937-4690,"McDonald's, 515 North Rd, Coquitlam, BC V3J 1N7","drive through, coffee, parking ticket, employee, patty, mcflurry, hash brown, smoothie, sugar, construction",https://www.google.com/maps/place/McDonald%27s/data=!4m7!3m6!1s0x5486783bde3efcd5:0xeddfa3a726c1129a!8m2!3d49.2501313!4d-122.892317!16s%2Fg%2F11b6g9h77n!19sChIJ1fw-3jt4hlQRmhLBJqej3-0?authuser=0&hl=en&rclk=1
ChIJU11V3kjUhVQRVh03tpOfoN8,McDonald's,"Classic, long-running fast-food chain known for its burgers & fries.",False,1563,https://www.mcdonalds.com/ca/en-ca/restaurant-locator.html?y_source=1_MTQ1MTk4NTMtNzE1LWxvY2F0aW9uLndlYnNpdGU%3D,McDonald's (Owner),https://www.google.com/maps/contrib/107988136995378193451,https://lh5.googleusercontent.com/p/AF1QipNUhEi--MW-I0AjTKSbghgDh1CJceJi0oNg8YVe=w408-h544-k-no,Fast food restaurant,"Fast food restaurant, American restaurant, Breakfast restaurant, Cafe, Hamburger restaurant, Restaurant",2.9,5 a.m.-12 a.m.,,(604) 465-4117,"McDonald's, 12549 Harris Rd, Pitt Meadows, BC V3Y 2J4","drive thru, coffee, manager, employee, napkins, floors, big mac, check, mcmuffin, hot chocolate",https://www.google.com/maps/place/McDonald%27s/data=!4m7!3m6!1s0x5485d448de555d53:0xdfa09f93b6371d56!8m2!3d49.2304547!4d-122.6902206!16s%2Fg%2F1tdn8c4g!19sChIJU11V3kjUhVQRVh03tpOfoN8?authuser=0&hl=en&rclk=1
ChIJs3-qDxl2hlQRYrvSpGeJc-c,McDonald's,"Classic, long-running fast-food chain known for its burgers & fries.",False,1558,https://www.mcdonalds.com/ca/en-ca/restaurant-locator.html%3Fy_source%3D1_MTQ1MTkzNDctNzE1LWxvY2F0aW9uLndlYnNpdGU%253D,McDonald's (Owner),https://www.google.com/maps/contrib/107766461808257397843,https://lh5.googleusercontent.com/p/AF1QipOci5WXue7vEpp8Zjy-3c3SG5AmkICGMIGtiwk9=w408-h544-k-no,Fast food restaurant,"Fast food restaurant, American restaurant, Breakfast restaurant, Cafe, Hamburger restaurant, Restaurant",3.4,5 a.m.-11 p.m.,,(604) 453-5530,"McDonald's, 7360 Market Crossing, Burnaby, BC V5J 0A2","drive thru, coffee, morning, window, check, big mac, muffin, convenient, self-serve, angus burger",https://www.google.com/maps/place/McDonald%27s/data=!4m7!3m6!1s0x548676190faa7fb3:0xe7738967a4d2bb62!8m2!3d49.200717!4d-122.981084!16s%2Fg%2F1td64_nd!19sChIJs3-qDxl2hlQRYrvSpGeJc-c?authuser=0&hl=en&rclk=1
ChIJI2sdabnghVQRdhJlAGcs8ug,McDonald's,"Classic, long-running fast-food chain known for its burgers & fries.",False,1555,https://www.mcdonalds.com/ca/en-ca/restaurant-locator.html%3Fy_source%3D1_MTQ1MjA3MjUtNzE1LWxvY2F0aW9uLndlYnNpdGU%253D,McDonald's (Owner),https://www.google.com/maps/contrib/117174414189759303887,https://lh5.googleusercontent.com/p/AF1QipNri60WAtQk_uLhsZq-w-YabS6z8-_Wtsor5Y79=w408-h305-k-no,Fast food restaurant,"Fast food restaurant, American restaurant, Breakfast restaurant, Cafe, Hamburger restaurant, Restaurant",3.5,5 a.m.-10 p.m.,,(604) 940-3770,"McDonald's, 5776 Ladner Trunk Rd, Ladner, BC V4K 1X6","drive thru, coffee, bag, play area, bus, mcmuffin, matter, kiosks, patio, ferry",https://www.google.com/maps/place/McDonald%27s/data=!4m7!3m6!1s0x5485e0b9691d6b23:0xe8f22c6700651276!8m2!3d49.0898518!4d-123.0635131!16s%2Fg%2F1tlvp6ns!19sChIJI2sdabnghVQRdhJlAGcs8ug?authuser=0&hl=en&rclk=1
ChIJ06gU2HDXhVQRT1FMNfNoGdM,McDonald's,"Classic, long-running fast-food chain known for its burgers & fries.",False,1543,https://www.mcdonalds.com/ca/en-ca/restaurant-locator.html%3Fy_source%3D1_MTQ1MTk4MDgtNzE1LWxvY2F0aW9uLndlYnNpdGU%253D,McDonald's (Owner),https://www.google.com/maps/contrib/114161623380282980706,https://lh5.googleusercontent.com/p/AF1QipP7y_sNoSqjBZwMwOR3HxJOTZL2Y61g1bKWFzsm=w408-h306-k-no,Fast food restaurant,"Fast food restaurant, American restaurant, Breakfast restaurant, Cafe, Hamburger restaurant, Restaurant",3.4,6 a.m.-10 p.m.,,(604) 587-1040,"McDonald's, 14476 104th Street, Surrey, BC V3R 1L9","drive thru, coffee, machine, window, big mac, check, egg mcmuffin, coupon, renovated, toy",https://www.google.com/maps/place/McDonald%27s/data=!4m7!3m6!1s0x5485d770d814a8d3:0xd31968f3354c514f!8m2!3d49.1911297!4d-122.8210026!16s%2Fg%2F1xtf17q9!19sChIJ06gU2HDXhVQRT1FMNfNoGdM?authuser=0&hl=en&rclk=1
ChIJfViWMXpxhlQRj0cpNr0uTvo,McDonald's,"Classic, long-running fast-food chain known for its burgers & fries.",False,1535,https://www.mcdonalds.com/ca/en-ca/restaurant-locator.html%3Fy_source%3D1_MTQ1MjA1NjEtNzE1LWxvY2F0aW9uLndlYnNpdGU%253D,McDonald's (Owner),https://www.google.com/maps/contrib/108706113899270545834,https://lh5.googleusercontent.com/p/AF1QipOgIPSI3eMsCl8dFWq-7OXIOYn-o20bC-sPc6eX=w408-h305-k-no,Fast food restaurant,"Fast food restaurant, American restaurant, Breakfast restaurant, Cafe, Hamburger restaurant, Restaurant",3.6,Open 24 hours,,(604) 689-0804,"McDonald's, 275 Robson St #211, Vancouver, BC V6B 0E7","clean, door, homeless, kiosks, app, convenient, self serve, quarter pounder, library, mcflurry",https://www.google.com/maps/place/McDonald%27s/data=!4m7!3m6!1s0x5486717a3196587d:0xfa4e2ebd3629478f!8m2!3d49.278891!4d-123.1156229!16s%2Fg%2F1tk9qgb9!19sChIJfViWMXpxhlQRj0cpNr0uTvo?authuser=0&hl=en&rclk=1
ChIJq_8RLAvghVQRryepSpf-itk,McDonald's,"Classic, long-running fast-food chain known for its burgers & fries.",False,1510,https://www.mcdonalds.com/ca/en-ca/restaurant-locator.html%3Fy_source%3D1_MTQ1MjA2NDMtNzE1LWxvY2F0aW9uLndlYnNpdGU%253D,McDonald's (Owner),https://www.google.com/maps/contrib/116836358009287918334,https://lh5.googleusercontent.com/p/AF1QipNyTNV0N29v-jCWTb5CVc49-5RbfFbvXFfGid5V=w426-h240-k-no,Fast food restaurant,"Fast food restaurant, American restaurant, Breakfast restaurant, Cafe, Hamburger restaurant, Restaurant",3.3,5 a.m.-12 a.m.,,(604) 370-4200,"McDonald's, 11668 Steveston Hwy #4000, Richmond, BC V7A 1N6","drive thru, coffee, manager, play area, parking, morning, egg mcmuffin, renovated, screw, training",https://www.google.com/maps/place/McDonald%27s/data=!4m7!3m6!1s0x5485e00b2c11ffab:0xd98afe974aa927af!8m2!3d49.1330748!4d-123.0940934!16s%2Fg%2F1tdx8d7p!19sChIJq_8RLAvghVQRryepSpf-itk?authuser=0&hl=en&rclk=1
ChIJI7XUh7RwhlQRRY_kun0WaT8,McDonald's,"Classic, long-running fast-food chain known for its burgers & fries.",False,1494,https://www.mcdonalds.com/ca/en-ca/restaurant-locator.html%3Fy_source%3D1_MTQ1MjAzNTEtNzE1LWxvY2F0aW9uLndlYnNpdGU%253D,McDonald's (Owner),https://www.google.com/maps/contrib/104347313785054247400,https://lh5.googleusercontent.com/p/AF1QipOyu8ZC8wXaofzbZSFTEkmGf6kDNv0nOzDgkTSm=w408-h306-k-no,Fast food restaurant,"Fast food restaurant, American restaurant, Breakfast restaurant, Cafe, Hamburger restaurant, Restaurant",3.6,Open 24 hours,,(604) 718-1015,"McDonald's, 4801 Hastings St, Burnaby, BC V5C 2L1","drive through, parking, coffee, manager, morning, ketchup, egg mcmuffin, check, patty, renovated",https://www.google.com/maps/place/McDonald%27s/data=!4m7!3m6!1s0x548670b487d4b523:0x3f69167dbae48f45!8m2!3d49.2812271!4d-122.9943909!16s%2Fg%2F1tj5qfg3!19sChIJI7XUh7RwhlQRRY_kun0WaT8?authuser=0&hl=en&rclk=1
ChIJk00dH-50hlQRuFg6Si9b_YM,McDonald's,"Classic, long-running fast-food chain known for its burgers & fries.",False,1377,https://www.mcdonalds.com/ca/en-ca/restaurant-locator.html?y_source=1_MTQ1MjAzNzEtNzE1LWxvY2F0aW9uLndlYnNpdGU%3D,McDonald's (Owner),https://www.google.com/maps/contrib/107823859497144541094,https://lh5.googleusercontent.com/p/AF1QipMLU68sCH3OxcAeJ3giX4ET8IshDIk6hFg3JUP8=w408-h544-k-no,Fast food restaurant,"Fast food restaurant, American restaurant, Breakfast restaurant, Cafe, Hamburger restaurant, Restaurant",3.7,6 a.m.-10 p.m.,,(604) 718-1177,"McDonald's, 830 SW Marine Dr, Vancouver, BC V6P 5Y8","drive thru, coffee, app, airport, employee, job, check, patties, walk, parking lot",https://www.google.com/maps/place/McDonald%27s/data=!4m7!3m6!1s0x548674ee1f1d4d93:0x83fd5b2f4a3a58b8!8m2!3d49.2060654!4d-123.125516!16s%2Fg%2F1tfrrlxt!19sChIJk00dH-50hlQRuFg6Si9b_YM?authuser=0&hl=en&rclk=1
ChIJz2dmK0p4hlQRb1uMJLJlSU8,McDonald's,"Classic, long-running fast-food chain known for its burgers & fries.",False,1338,https://www.mcdonalds.com/ca/en-ca/restaurant-locator.html%3Fy_source%3D1_MTQ1MTk4ODctNzE1LWxvY2F0aW9uLndlYnNpdGU%253D,McDonald's (Owner),https://www.google.com/maps/contrib/114255423027972698335,https://lh5.googleusercontent.com/p/AF1QipNvi1ssSBWyfTSz6gZw0QNN6r0k_kxrYRZ7TfdQ=w426-h240-k-no,Fast food restaurant,"Fast food restaurant, American restaurant, Breakfast restaurant, Cafe, Hamburger restaurant, Restaurant",3.3,6 a.m.-1 a.m.,,(604) 936-4222,"McDonald's, 531 Clarke Rd, Coquitlam, BC V3J 3X4","drive through, coffee, ketchup, napkins, lady, big mac, check, cardboard, kiosk, watch",https://www.google.com/maps/place/McDonald%27s/data=!4m7!3m6!1s0x5486784a2b6667cf:0x4f4965b2248c5b6f!8m2!3d49.260819!4d-122.8917409!16s%2Fg%2F1tlc_wjd!19sChIJz2dmK0p4hlQRb1uMJLJlSU8?authuser=0&hl=en&rclk=1
ChIJwzHipIFxhlQRxElqKULGPnI,McDonald's,"Classic, long-running fast-food chain known for its burgers & fries.",False,1299,https://www.mcdonalds.com/ca/en-ca/restaurant-locator.html%3Fy_source%3D1_MTQ1MjA1ODQtNzE1LWxvY2F0aW9uLndlYnNpdGU%253D,McDonald's (Owner),https://www.google.com/maps/contrib/109083032689271919597,https://lh5.googleusercontent.com/p/AF1QipNzmLyyX6BIJa59KGLwjweiFd3OYzfq1fD-JiU=w408-h306-k-no,Fast food restaurant,"Fast food restaurant, American restaurant, Breakfast restaurant, Cafe, Hamburger restaurant, Restaurant",3.4,Open 24 hours,,(604) 718-1115,"McDonald's, 1055 W Georgia St Suite #120, Vancouver, BC V6E 3P2","clean, homeless, app, big mac, morning, door, garbage, health, kiosk, gloves",https://www.google.com/maps/place/McDonald%27s/data=!4m7!3m6!1s0x54867181a4e231c3:0x723ec642296a49c4!8m2!3d49.2847911!4d-123.1211008!16s%2Fg%2F1tfptz9w!19sChIJwzHipIFxhlQRxElqKULGPnI?authuser=0&hl=en&rclk=1
ChIJLQ3uoZUKhlQRVxjCPcOWGTU,McDonald's,"Classic, long-running fast-food chain known for its burgers & fries.",False,1290,https://www.mcdonalds.com/ca/en-ca/restaurant-locator.html%3Fy_source%3D1_MTQ1MTk5OTctNzE1LWxvY2F0aW9uLndlYnNpdGU%253D,McDonald's (Owner),https://www.google.com/maps/contrib/111566381075028137342,https://lh5.googleusercontent.com/p/AF1QipOOqW03hY3JnWJZP0UJ3eULOjNWgRroBLZKaRk=w426-h240-k-no,Fast food restaurant,"Fast food restaurant, American restaurant, Breakfast restaurant, Cafe, Hamburger restaurant, Restaurant",3.4,5 a.m.-12 a.m.,,(604) 370-4750,"McDonald's, 8140 No 2 Rd, Richmond, BC V7C 5J9","drive thru, coffee, night, parking, manager, morning, cashier, big mac, mcflurry, quarter pounder",https://www.google.com/maps/place/McDonald%27s/data=!4m7!3m6!1s0x54860a95a1ee0d2d:0x351996c33dc21857!8m2!3d49.1537398!4d-123.1585457!16s%2Fg%2F1tv3ncmb!19sChIJLQ3uoZUKhlQRVxjCPcOWGTU?authuser=0&hl=en&rclk=1
ChIJHa-S9r7LhVQRnRLQAHqthew,McDonald's,"Classic, long-running fast-food chain known for its burgers & fries.",False,1271,https://www.mcdonalds.com/ca/en-ca/restaurant-locator.html%3Fy_source%3D1_MTQ1MTk0NzAtNzE1LWxvY2F0aW9uLndlYnNpdGU%253D,McDonald's (Owner),https://www.google.com/maps/contrib/100012716108898692410,https://lh5.googleusercontent.com/p/AF1QipP39VVsPxqNhbWDvj-U2wvBxY4DDm9XmCC8xfZn=w480-h240-k-no,Fast food restaurant,"Fast food restaurant, American restaurant, Breakfast restaurant, Cafe, Hamburger restaurant, Restaurant",3.4,5 a.m.-12 a.m.,,(604) 607-7580,"McDonald's, 26454 56 Ave, Langley Twp, BC V4W 3Z3","drive thru, coffee, parking, egg mcmuffin, big mac, hash browns, sausage, counter, paper, evening",https://www.google.com/maps/place/McDonald%27s/data=!4m7!3m6!1s0x5485cbbef692af1d:0xec85ad7a00d0129d!8m2!3d49.1034892!4d-122.4916256!16s%2Fg%2F1tr7chbn!19sChIJHa-S9r7LhVQRnRLQAHqthew?authuser=0&hl=en&rclk=1
ChIJ81QafB90hlQRQLI8OmR2cFE,McDonald's,"Classic, long-running fast-food chain known for its burgers & fries.",False,1263,https://www.mcdonalds.com/ca/en-ca/restaurant-locator.html%3Fy_source%3D1_MTQ1MTk1ODctNzE1LWxvY2F0aW9uLndlYnNpdGU%253D,McDonald's (Owner),https://www.google.com/maps/contrib/107636025099423659690,https://lh5.googleusercontent.com/p/AF1QipMGpK8nzn1vGLRc4ZVNmcixAGIPxW65Ev233hL2=w408-h306-k-no,Fast food restaurant,"Fast food restaurant, American restaurant, Breakfast restaurant, Cafe, Hamburger restaurant, Restaurant",3.4,6 a.m.-12 a.m.,,(604) 718-1160,"McDonald's, 5661 Victoria Dr, Vancouver, BC V5P 3W2","parking, coffee, cashier, door, big mac, space, floor, ice cream, chatting, stairs",https://www.google.com/maps/place/McDonald%27s/data=!4m7!3m6!1s0x5486741f7c1a54f3:0x517076643a3cb240!8m2!3d49.2330972!4d-123.0657903!16s%2Fg%2F1tfjqd63!19sChIJ81QafB90hlQRQLI8OmR2cFE?authuser=0&hl=en&rclk=1
ChIJh6AKNPDVhVQRXJPWXuJFzQg,McDonald's,"Classic, long-running fast-food chain known for its burgers & fries.",False,1252,https://www.mcdonalds.com/ca/en-ca/restaurant-locator.html?y_source=1_MTQ1MjAwMzEtNzE1LWxvY2F0aW9uLndlYnNpdGU%3D,McDonald's (Owner),https://www.google.com/maps/contrib/105044660525164220459,https://lh5.googleusercontent.com/p/AF1QipNMoceD00NK21axe4oIcDFjosbR6DHxJa-3m8Od=w408-h306-k-no,Fast food restaurant,"Fast food restaurant, American restaurant, Breakfast restaurant, Cafe, Hamburger restaurant, Restaurant",3.5,6 a.m.-10 p.m.,,(604) 552-6380,"McDonald's, 2330 Ottawa St, Port Coquitlam, BC V3B 7Z1","drive thru, play area, coffee, parking, manager, happy meal, ketchup, quarter pounder, employee, hungry",https://www.google.com/maps/place/McDonald%27s/data=!4m7!3m6!1s0x5485d5f0340aa087:0x8cd45e25ed6935c!8m2!3d49.2565055!4d-122.7464783!16s%2Fg%2F1tt8bz7z!19sChIJh6AKNPDVhVQRXJPWXuJFzQg?authuser=0&hl=en&rclk=1
ChIJL5C9Igt4hlQRZJBteLlGTAA,McDonald's,"Classic, long-running fast-food chain known for its burgers & fries.",False,1213,https://www.mcdonalds.com/ca/en-ca/restaurant-locator.html%3Fy_source%3D1_MTQ1MTk1NTUtNzE1LWxvY2F0aW9uLndlYnNpdGU%253D,McDonald's (Owner),https://www.google.com/maps/contrib/100259112776990358715,https://lh5.googleusercontent.com/p/AF1QipM6UKwJUjt4MG7V9vaXeq1b28W5Wjix-gh9Q3-l=w426-h240-k-no,Fast food restaurant,"Fast food restaurant, American restaurant, Breakfast restaurant, Cafe, Hamburger restaurant, Restaurant",3.6,6 a.m.-10 p.m.,,(604) 718-1169,"McDonald's, 1095 Woolridge St, Coquitlam, BC V3K 7A9","drive thru, clean, parking, area, big mac, machine, muffins, employee, receipt, poutine",https://www.google.com/maps/place/McDonald%27s/data=!4m7!3m6!1s0x5486780b22bd902f:0x4c46b9786d9064!8m2!3d49.2334733!4d-122.8623689!16s%2Fg%2F1vn186qk!19sChIJL5C9Igt4hlQRZJBteLlGTAA?authuser=0&hl=en&rclk=1
ChIJnzQ9SDNwhlQRWxrmVzbWQww,McDonald's,"Classic, long-running fast-food chain known for its burgers & fries.",False,1187,https://www.mcdonalds.com/ca/en-ca/restaurant-locator.html%3Fy_source%3D1_MTQ1MTk1OTYtNzE1LWxvY2F0aW9uLndlYnNpdGU%253D,McDonald's (Owner),https://www.google.com/maps/contrib/102716940585891287934,https://lh5.googleusercontent.com/p/AF1QipMI6d6LvCpbb3O3Zws6KRziXTrUqzC8zGiBgy62=w408-h306-k-no,Fast food restaurant,"Fast food restaurant, American restaurant, Breakfast restaurant, Cafe, Hamburger restaurant, Restaurant",3.2,6 a.m.-2 a.m.,,(604) 922-1012,"McDonald's, 808 Marine Dr, West Vancouver, BC V7T 1A1","drive through, coffee, manager, cash, bathrooms, straws, cold, big mac, convenient, kiosk",https://www.google.com/maps/place/McDonald%27s/data=!4m7!3m6!1s0x54867033483d349f:0xc43d63657e61a5b!8m2!3d49.3265262!4d-123.1396712!16s%2Fg%2F1tfbbvj4!19sChIJnzQ9SDNwhlQRWxrmVzbWQww?authuser=0&hl=en&rclk=1
ChIJ71DFL9JxhlQRfXuH77D0Fp0,McDonald's,"Classic, long-running fast-food chain known for its burgers & fries.",False,1178,https://www.mcdonalds.com/ca/en-ca/restaurant-locator.html%3Fy_source%3D1_MTQ1MTk0NTctNzE1LWxvY2F0aW9uLndlYnNpdGU%253D,McDonald's (Owner),https://www.google.com/maps/contrib/109030813348365170784,https://lh5.googleusercontent.com/p/AF1QipNGf63GeJun1JNKOAc1uNJ53NMxtRYR6F6QRoUP=w408-h408-k-no,Fast food restaurant,"Fast food restaurant, American restaurant, Breakfast restaurant, Cafe, Hamburger restaurant, Restaurant",3.4,6 a.m.-2 a.m.,,(604) 904-4390,"McDonald's, 1219 Marine Dr, North Vancouver, BC V7P 1T3","drive thru, coffee, parking, ketchup, pay, cold, big mac, mcmuffin, bagel, training",https://www.google.com/maps/place/McDonald%27s/data=!4m7!3m6!1s0x548671d22fc550ef:0x9d16f4b0ef877b7d!8m2!3d49.3236204!4d-123.1080351!16s%2Fg%2F1tkmm7fc!19sChIJ71DFL9JxhlQRfXuH77D0Fp0?authuser=0&hl=en&rclk=1
ChIJtWeGJDh0hlQRjLTIRAjNxDQ,McDonald's,"Classic, long-running fast-food chain known for its burgers & fries.",False,1170,https://www.mcdonalds.com/ca/en-ca/restaurant-locator.html%3Fy_source%3D1_MTQ1MTk2OTMtNzE1LWxvY2F0aW9uLndlYnNpdGU%253D,McDonald's (Owner),https://www.google.com/maps/contrib/113396288044901554043,https://lh5.googleusercontent.com/p/AF1QipNZTGqvXddZ671ONm5Wr5uWuJWvx67W8zTRF4ko=w408-h544-k-no,Fast food restaurant,"Fast food restaurant, American restaurant, Breakfast restaurant, Cafe, Hamburger restaurant, Restaurant",3.6,5 a.m.-12 a.m.,,(604) 718-1197,"McDonald's, 7289 Knight St, Vancouver, BC V5P 2W9","drive through, parking, coffee, manager, cashier, mobile, big mac, kiosk, cold, sausage",https://www.google.com/maps/place/McDonald%27s/data=!4m7!3m6!1s0x54867438248667b5:0x34c4cd0844c8b48c!8m2!3d49.218286!4d-123.0774469!16s%2Fg%2F1td60f1r!19sChIJtWeGJDh0hlQRjLTIRAjNxDQ?authuser=0&hl=en&rclk=1
ChIJTeqbF9UKhlQR3TLdaQJdx5o,McDonald's,"Classic, long-running fast-food chain known for its burgers & fries.",False,1159,https://www.mcdonalds.com/ca/en-ca/restaurant-locator.html%3Fy_source%3D1_MTQ1MTk2ODctNzE1LWxvY2F0aW9uLndlYnNpdGU%253D,McDonald's (Owner),https://www.google.com/maps/contrib/111292553359348605509,https://lh5.googleusercontent.com/p/AF1QipOnfXe0XJ7xJkydzBCdZa3vrNFYLylfdxZCcNb5=w426-h240-k-no,Fast food restaurant,"Fast food restaurant, American restaurant, Breakfast restaurant, Cafe, Hamburger restaurant, Restaurant",3.6,5 a.m.-10 p.m.,,(604) 718-1013,"McDonald's, 6086 Russ Baker Way #6020, Richmond, BC V7B 1B4","drive thru, coffee, airport, parking, morning, summer, paper, training, egg mcmuffin, self serve",https://www.google.com/maps/place/McDonald%27s/data=!4m7!3m6!1s0x54860ad5179bea4d:0x9ac75d0269dd32dd!8m2!3d49.1798502!4d-123.1523072!16s%2Fg%2F1tflfy49!19sChIJTeqbF9UKhlQR3TLdaQJdx5o?authuser=0&hl=en&rclk=1
ChIJ-3AGS4twhlQRH1-n4FAjGaU,McDonald's,"Classic, long-running fast-food chain known for its burgers & fries.",False,1131,https://www.mcdonalds.com/ca/en-ca/restaurant-locator.html%3Fy_source%3D1_MTQ1MTk0MTEtNzE1LWxvY2F0aW9uLndlYnNpdGU%253D,McDonald's (Owner),https://www.google.com/maps/contrib/112216881777373861813,https://lh5.googleusercontent.com/p/AF1QipOzRVkmEDbEmI2lw0kTMVsUiA48e0ax-NFIoCSO=w408-h306-k-no,Fast food restaurant,"Fast food restaurant, American restaurant, Breakfast restaurant, Cafe, Hamburger restaurant, Restaurant",3.4,6 a.m.-2 a.m.,,(604) 904-2790,"McDonald's, 1366 Main St, North Vancouver, BC V7J 1C6","drive thru, coffee, parking, machine, ice cream, bag, morning, hash browns, mcflurry, tray",https://www.google.com/maps/place/McDonald%27s/data=!4m7!3m6!1s0x5486708b4b0670fb:0xa5192350e0a75f1f!8m2!3d49.3068!4d-123.0365613!16s%2Fg%2F1tjy15jr!19sChIJ-3AGS4twhlQRH1-n4FAjGaU?authuser=0&hl=en&rclk=1
ChIJ6-TGw05xhlQRQ_OTpRc00N0,McDonald's,"Classic, long-running fast-food chain known for its burgers & fries.",False,1114,https://www.mcdonalds.com/ca/en-ca/restaurant-locator.html%3Fy_source%3D1_MTQ1MjA3MTMtNzE1LWxvY2F0aW9uLndlYnNpdGU%253D,McDonald's (Owner),https://www.google.com/maps/contrib/103703144558421425158,https://lh5.googleusercontent.com/p/AF1QipN55LHnSzwlsjmjSevhIhN8Qt3RDaC9-zbrZ5DK=w426-h240-k-no,Fast food restaurant,"Fast food restaurant, American restaurant, Breakfast restaurant, Cafe, Hamburger restaurant, Restaurant",3.4,Open 24 hours,,(604) 709-5700,"McDonald's, 2570 Commercial Dr, Vancouver, BC V5N 4C1","coffee, management, homeless people, parking, table, muffin, door, machine, floor, app",https://www.google.com/maps/place/McDonald%27s/data=!4m7!3m6!1s0x5486714ec3c6e4eb:0xddd03417a593f343!8m2!3d49.2617359!4d-123.0694967!16s%2Fg%2F1tfm149t!19sChIJ6-TGw05xhlQRQ_OTpRc00N0?authuser=0&hl=en&rclk=1
ChIJRWWVTH3DhVQRb5I03pxs2ZU,McDonald's,"Classic, long-running fast-food chain known for its burgers & fries.",False,1095,https://www.mcdonalds.com/ca/en-ca/restaurant-locator.html%3Fy_source%3D1_MTQ1MTk4MTItNzE1LWxvY2F0aW9uLndlYnNpdGU%253D,McDonald's (Owner),https://www.google.com/maps/contrib/110765242620378556058,https://lh5.googleusercontent.com/p/AF1QipOlhrqwZrFnraoe2cqPxDK-OxUb4SzxizSm0sfi=w408-h306-k-no,Fast food restaurant,"Fast food restaurant, American restaurant, Breakfast restaurant, Cafe, Hamburger restaurant, Restaurant",3.3,6 a.m.-10 p.m.,,(604) 541-7010,"McDonald's, 1789 152 St, Surrey, BC V4A 4N3","drive thru, coffee, bathrooms, morning, ice cream machine, cleaner, mcmuffin, screw, mcchicken, hot chocolate",https://www.google.com/maps/place/McDonald%27s/data=!4m7!3m6!1s0x5485c37d4c956545:0x95d96c9cde34926f!8m2!3d49.0341665!4d-122.8015388!16s%2Fg%2F1tkktk91!19sChIJRWWVTH3DhVQRb5I03pxs2ZU?authuser=0&hl=en&rclk=1
ChIJD6HMTRd1hlQRTn8naP2KEhY,McDonald's,"Classic, long-running fast-food chain known for its burgers & fries.",False,1087,https://www.mcdonalds.com/ca/en-ca/restaurant-locator.html?y_source=1_MTQ1MjAxMDgtNzE1LWxvY2F0aW9uLndlYnNpdGU%3D,McDonald's (Owner),https://www.google.com/maps/contrib/105920543119686738255,https://lh5.googleusercontent.com/p/AF1QipPkNMSBMbluCLfQ2hubKap2mf5AuSlKDVPmXIP1=w408-h544-k-no,Fast food restaurant,"Fast food restaurant, American restaurant, Breakfast restaurant, Cafe, Hamburger restaurant, Restaurant",3.5,6 a.m.-10 p.m.,,(604) 718-1023,"McDonald's, 10700 Cambie Rd. #115, Richmond, BC V6K 1K8","drive thru, coffee, parking, morning, window, bag, muffin, sugar, happy meal, employee",https://www.google.com/maps/place/McDonald%27s/data=!4m7!3m6!1s0x548675174dcca10f:0x16128afd68277f4e!8m2!3d49.1843522!4d-123.1052421!16s%2Fg%2F1tfftmtw!19sChIJD6HMTRd1hlQRTn8naP2KEhY?authuser=0&hl=en&rclk=1
ChIJ8RUtlPHmhVQRt7ABKd8r3gA,McDonald's,"Classic, long-running fast-food chain known for its burgers & fries.",False,1072,https://www.mcdonalds.com/ca/en-ca/restaurant-locator.html%3Fy_source%3D1_MTQ1MTkzMTYtNzE1LWxvY2F0aW9uLndlYnNpdGU%253D,McDonald's (Owner),https://www.google.com/maps/contrib/113261994798798504736,https://lh5.googleusercontent.com/p/AF1QipPuHwFFdQFiETFfhv0nzM4uQ3ijv7E1Bhdz1dnH=w408-h306-k-no,Fast food restaurant,"Fast food restaurant, American restaurant, Breakfast restaurant, Cafe, Hamburger restaurant, Restaurant",3.6,6 a.m.-10 p.m.,,(604) 948-3630,"McDonald's, 1835 56 St, Delta, BC V4L 2B4","drive thru, coffee, bag, play area, parking, window, tables, ferry, egg mcmuffin, training",https://www.google.com/maps/place/McDonald%27s/data=!4m7!3m6!1s0x5485e6f1942d15f1:0xde2bdf2901b0b7!8m2!3d49.0359017!4d-123.0692097!16s%2Fg%2F1tcv5_pg!19sChIJ8RUtlPHmhVQRt7ABKd8r3gA?authuser=0&hl=en&rclk=1
ChIJfViWMXpxhlQR6op4X183_dY,McDonald's,"Classic, long-running fast-food chain known for its burgers & fries.",False,1058,https://www.mcdonalds.com/ca/en-ca/restaurant-locator.html%3Fy_source%3D1_MTQ1MjA0NzctNzE1LWxvY2F0aW9uLndlYnNpdGU%253D,McDonald's (Owner),https://www.google.com/maps/contrib/112118695432574339709,https://lh5.googleusercontent.com/p/AF1QipNumdI1ROa7GX6O2xH7dTH1GqF5nkrDAM_ZzO_3=w408-h306-k-no,Fast food restaurant,"Fast food restaurant, American restaurant, Breakfast restaurant, Cafe, Hamburger restaurant, Restaurant",3.2,7 a.m.-11 p.m.,,(604) 718-1165,"McDonald's, 86 W Pender St #1001, Vancouver, BC V6B 6N8","homeless, coffee, area, cashier, addicts, mall, walking, cone, sitting, life",https://www.google.com/maps/place/McDonald%27s/data=!4m7!3m6!1s0x5486717a3196587d:0xd6fd375f5f788aea!8m2!3d49.2808074!4d-123.1072714!16s%2Fg%2F11_svczm2!19sChIJfViWMXpxhlQR6op4X183_dY?authuser=0&hl=en&rclk=1
ChIJRxXznwjQhVQRA0MNNMm2N0A,McDonald's,"Classic, long-running fast-food chain known for its burgers & fries.",False,1011,https://www.mcdonalds.com/ca/en-ca/restaurant-locator.html%3Fy_source%3D1_MTQ1MTkyMTItNzE1LWxvY2F0aW9uLndlYnNpdGU%253D,McDonald's (Owner),https://www.google.com/maps/contrib/111549663610775147203,https://lh5.googleusercontent.com/p/AF1QipOKkvCHhTGVxDiNaCvJ1hKvpInb-GSu3Io3BsE1=w426-h240-k-no,Fast food restaurant,"Fast food restaurant, American restaurant, Breakfast restaurant, Cafe, Hamburger restaurant, Restaurant",3.5,6 a.m.-10 p.m.,,(604) 575-1690,"McDonald's, 17960 56 Ave, Cloverdale, BC V3S 1C7","drive through, clean, kids, breakfast, renovation, window, bag, lady, toy, tray",https://www.google.com/maps/place/McDonald%27s/data=!4m7!3m6!1s0x5485d0089ff31547:0x4037b6c9340d4303!8m2!3d49.1037353!4d-122.7250342!16s%2Fg%2F1tg6vd0b!19sChIJRxXznwjQhVQRA0MNNMm2N0A?authuser=0&hl=en&rclk=1
ChIJBW1yO-F4hlQRorNPMoSkStk,McDonald's,"Classic, long-running fast-food chain known for its burgers & fries.",False,999,https://www.mcdonalds.com/ca/en-ca/restaurant-locator.html%3Fy_source%3D1_MTQ1MTk0MjMtNzE1LWxvY2F0aW9uLndlYnNpdGU%253D,McDonald's (Owner),https://www.google.com/maps/contrib/101324073162075379943,https://lh5.googleusercontent.com/p/AF1QipMeneEZ6tguur7vVzdONXK--XbwKkiexcG6SgYk=w408-h306-k-no,Fast food restaurant,"Fast food restaurant, American restaurant, Breakfast restaurant, Cafe, Hamburger restaurant, Restaurant",3,6 a.m.-1 a.m.,,(604) 469-4350,"McDonald's, 3033 St Johns St, Port Moody, BC V3H 2C4","drive thru, coffee, garbage, app, window, big mac, franchise, job, training, counter",https://www.google.com/maps/place/McDonald%27s/data=!4m7!3m6!1s0x548678e13b726d05:0xd94aa484324fb3a2!8m2!3d49.2763765!4d-122.8429713!16s%2Fg%2F1vg_6_9s!19sChIJBW1yO-F4hlQRorNPMoSkStk?authuser=0&hl=en&rclk=1
ChIJZUT8PwjQhVQROkJRFow6jDE,McDonald's,"Classic, long-running fast-food chain known for its burgers & fries.",False,989,https://www.mcdonalds.com/ca/en-ca/restaurant-locator.html%3Fy_source%3D1_MTQ1MTkxMTUtNzE1LWxvY2F0aW9uLndlYnNpdGU%253D,McDonald's (Owner),https://www.google.com/maps/contrib/117070722580686460001,https://lh5.googleusercontent.com/p/AF1QipNRibCfSjjN8ii8De3tXyCt0UMdx2eR2PhYiy5z=w408-h540-k-no,Fast food restaurant,"Fast food restaurant, American restaurant, Breakfast restaurant, Cafe, Hamburger restaurant, Restaurant",3.4,6 a.m.-10 p.m.,,(604) 575-6310,"McDonald's, 15145 BC-10 Building E, Surrey, BC V3S 9A5","drive thru, manager, coffee, kids, bag, happy meal, morning, job, toy, fish",https://www.google.com/maps/place/McDonald%27s/data=!4m7!3m6!1s0x5485d0083ffc4465:0x318c3a8c1651423a!8m2!3d49.1047792!4d-122.8042326!16s%2Fg%2F1tf654wy!19sChIJZUT8PwjQhVQROkJRFow6jDE?authuser=0&hl=en&rclk=1
ChIJx7hcr8XYhVQRwjEcQ4_uUBc,McDonald's,"Classic, long-running fast-food chain known for its burgers & fries.",False,977,https://www.mcdonalds.com/ca/en-ca/restaurant-locator.html%3Fy_source%3D1_MTQ1MTk0NTktNzE1LWxvY2F0aW9uLndlYnNpdGU%253D,McDonald's (Owner),https://www.google.com/maps/contrib/101355660752750030117,https://lh5.googleusercontent.com/p/AF1QipMAVyWIuxZc_axjlxyJR1SX2BYxV-yYnDpDEp33=w426-h240-k-no,Fast food restaurant,"Fast food restaurant, American restaurant, Breakfast restaurant, Cafe, Hamburger restaurant, Restaurant",3.4,6 a.m.-10 p.m.,,(604) 718-1125,"McDonald's, 1285 Cliveden Ave, Delta, BC V3M 6C7","drive thru, coffee, manager, morning, bag, driving, wrap, park, hashbrown, window",https://www.google.com/maps/place/McDonald%27s/data=!4m7!3m6!1s0x5485d8c5af5cb8c7:0x1750ee8f431c31c2!8m2!3d49.1702331!4d-122.9547915!16s%2Fg%2F1tyzypfz!19sChIJx7hcr8XYhVQRwjEcQ4_uUBc?authuser=0&hl=en&rclk=1
ChIJ724lCrhyhlQR40w5_LUVBas,McDonald's,"Classic, long-running fast-food chain known for its burgers & fries.",False,939,https://www.mcdonalds.com/ca/en-ca/restaurant-locator.html%3Fy_source%3D1_MTQ1MjA2MzktNzE1LWxvY2F0aW9uLndlYnNpdGU%253D,McDonald's (Owner),https://www.google.com/maps/contrib/113155342122305910764,https://lh5.googleusercontent.com/p/AF1QipNMXDdiksDAsauOBQD1sS6nwajXML-2aYU53r4h=w408-h306-k-no,Fast food restaurant,"Fast food restaurant, American restaurant, Breakfast restaurant, Cafe, Hamburger restaurant, Restaurant",3.4,Open 24 hours,,(604) 221-2570,"McDonald's, 5728 University Blvd #101, Vancouver, BC V6T 1K6","students, coffee, management, morning, campus, bathroom, mcmuffin, efficient, convenient, mcflurry",https://www.google.com/maps/place/McDonald%27s/data=!4m7!3m6!1s0x548672b80a256eef:0xab0515b5fc394ce3!8m2!3d49.2666467!4d-123.2425376!16s%2Fg%2F1wc30yd4!19sChIJ724lCrhyhlQR40w5_LUVBas?authuser=0&hl=en&rclk=1
ChIJIQAxLxpxhlQRgDHJ-ZVPxXE,McDonald's,"Classic, long-running fast-food chain known for its burgers & fries.",False,893,https://www.mcdonalds.com/ca/en-ca/restaurant-locator.html?y_source=1_MTQ1MjAxMjUtNzE1LWxvY2F0aW9uLndlYnNpdGU%3D,McDonald's (Owner),https://www.google.com/maps/contrib/112233742382692489605,https://lh5.googleusercontent.com/p/AF1QipOhwuP_-NHGuCcwpmE8QqY_Ays5ghsoCcrbvYZ4=w513-h240-k-no,Fast food restaurant,"Fast food restaurant, American restaurant, Breakfast restaurant, Cafe, Hamburger restaurant, Restaurant",3.2,6 a.m.-11 p.m.,,(604) 254-7504,"McDonald's, 1965 Powell St, Vancouver, BC V5L 1J2","drive thru, breakfast, mcmuffin, parking, bathroom, coupon, area, drink, sausage, ice cream",https://www.google.com/maps/place/McDonald%27s/data=!4m7!3m6!1s0x5486711a2f310021:0x71c54f95f9c93180!8m2!3d49.285158!4d-123.064021!16s%2Fg%2F1tkbxxvh!19sChIJIQAxLxpxhlQRgDHJ-ZVPxXE?authuser=0&hl=en&rclk=1
ChIJJW_B_DnXhVQRPirjsR6wKhc,McDonald's,"Classic, long-running fast-food chain known for its burgers & fries.",False,888,https://www.mcdonalds.com/ca/en-ca/restaurant-locator.html%3Fy_source%3D1_MTQ1MTk0NTAtNzE1LWxvY2F0aW9uLndlYnNpdGU%253D,McDonald's (Owner),https://www.google.com/maps/contrib/108396350690887343442,https://lh5.googleusercontent.com/p/AF1QipNNIq27OF0hT7xY1hOOAGNj5L1oAd8lfI7_PTrC=w408-h307-k-no,Fast food restaurant,"Fast food restaurant, American restaurant, Breakfast restaurant, Cafe, Hamburger restaurant, Restaurant",3.4,6 a.m.-10 p.m.,,(604) 587-2330,"McDonald's, 9638 160 St, Surrey, BC V4N 2J4","drive thru, coffee, school, manager, bag, morning, machine, hands, smoothie, mcchicken",https://www.google.com/maps/place/McDonald%27s/data=!4m7!3m6!1s0x5485d739fcc16f25:0x172ab01eb1e32a3e!8m2!3d49.177619!4d-122.7782593!16s%2Fg%2F1tfqfh1m!19sChIJJW_B_DnXhVQRPirjsR6wKhc?authuser=0&hl=en&rclk=1
ChIJpwSY0i5yhlQRlMe-bWiZwys,McDonald's,"Classic, long-running fast-food chain known for its burgers & fries.",False,887,https://www.mcdonalds.com/ca/en-ca/restaurant-locator.html%3Fy_source%3D1_MTQ1MjAxMjAtNzE1LWxvY2F0aW9uLndlYnNpdGU%253D,McDonald's (Owner),https://www.google.com/maps/contrib/104393606118092117885,https://lh5.googleusercontent.com/p/AF1QipMiihLSYcAnwljUtkvhFWUoeGqjU2CMMVyeYmWC=w408-h306-k-no,Fast food restaurant,"Fast food restaurant, American restaurant, Breakfast restaurant, Cafe, Hamburger restaurant, Restaurant",3.5,Open 24 hours,,(604) 718-1175,"McDonald's, 1610 Davie St, Vancouver, BC V6G 1V9","coffee, night, morning, girl, machine, health, homeless people, renovations, order, training",https://www.google.com/maps/place/McDonald%27s/data=!4m7!3m6!1s0x5486722ed29804a7:0x2bc399686dbec794!8m2!3d49.2852274!4d-123.1389977!16s%2Fg%2F1v_s5l1l!19sChIJpwSY0i5yhlQRlMe-bWiZwys?authuser=0&hl=en&rclk=1
ChIJi9wXHTxwhlQRrMKRlMJ42FY,McDonald's,"Classic, long-running fast-food chain known for its burgers & fries.",False,840,https://www.mcdonalds.com/ca/en-ca/restaurant-locator.html%3Fy_source%3D1_MTQ1MTkzMTgtNzE1LWxvY2F0aW9uLndlYnNpdGU%253D,McDonald's (Owner),https://www.google.com/maps/contrib/105174335030116753380,https://lh5.googleusercontent.com/p/AF1QipNCu973IN3sVzfCwDlTlPcMbqZbIZBuu81IVlBU=w408-h306-k-no,Fast food restaurant,"Fast food restaurant, American restaurant, Breakfast restaurant, Cafe, Hamburger restaurant, Restaurant",3.4,5 a.m.-2 a.m.,,(604) 987-6815,"McDonald's, 2001 Lonsdale Ave, North Vancouver, BC V7M 2K4","coffee, order, manager, morning, machine, pay, cashier, sundae, night, server",https://www.google.com/maps/place/McDonald%27s/data=!4m7!3m6!1s0x5486703c1d17dc8b:0x56d878c29491c2ac!8m2!3d49.3274377!4d-123.0725152!16s%2Fg%2F1tpbbnwy!19sChIJi9wXHTxwhlQRrMKRlMJ42FY?authuser=0&hl=en&rclk=1
ChIJQ13qC4hxhlQR1fbnIdZ41WE,McDonald's,"Classic, long-running fast-food chain known for its burgers & fries.",False,809,https://www.mcdonalds.com/ca/en-ca/restaurant-locator.html%3Fy_source%3D1_MTQ1MjAzMTctNzE1LWxvY2F0aW9uLndlYnNpdGU%253D,McDonald's (Owner),https://www.google.com/maps/contrib/114759455871579506157,https://lh5.googleusercontent.com/p/AF1QipOWOOM89qT1UJK-z4Fm-FEzG2oay9bvsoPpXFFH=w408-h306-k-no,Fast food restaurant,"Fast food restaurant, American restaurant, Breakfast restaurant, Cafe, Hamburger restaurant, Restaurant",3.4,Open 24 hours,,(604) 718-1020,"McDonald's, 1701 Robson St, Vancouver, BC V6G 1C9","coffee, night, homeless, big mac, morning, cone, job, bathroom, addicts, mcmuffin",https://www.google.com/maps/place/McDonald%27s/data=!4m7!3m6!1s0x548671880bea5d43:0x61d578d621e7f6d5!8m2!3d49.2906798!4d-123.1338321!16s%2Fg%2F1tfzm0jb!19sChIJQ13qC4hxhlQR1fbnIdZ41WE?authuser=0&hl=en&rclk=1
ChIJ16tNNPZzhlQRfFQd7blHDuc,McDonald's,"Classic, long-running fast-food chain known for its burgers & fries.",False,791,https://www.mcdonalds.com/ca/en-ca/restaurant-locator.html%3Fy_source%3D1_MTQ1MjAxNDEtNzE1LWxvY2F0aW9uLndlYnNpdGU%253D,McDonald's (Owner),https://www.google.com/maps/contrib/109805745508328649650,https://lh5.googleusercontent.com/p/AF1QipOSCDa9Sg4LXbFmWF8RNCS9cPTHEa6p4rrNeVbJ=w408-h306-k-no,Fast food restaurant,"Fast food restaurant, American restaurant, Breakfast restaurant, Cafe, Hamburger restaurant, Restaurant",3.5,6 a.m.-12 a.m.,,(604) 872-8310,"McDonald's, 4445 Main St, Vancouver, BC V5V 3R2","clean, parking, morning, drive through, kids, manager, hash browns, mobile, kiosks, big mac",https://www.google.com/maps/place/McDonald%27s/data=!4m7!3m6!1s0x548673f6344dabd7:0xe70e47b9ed1d547c!8m2!3d49.2452368!4d-123.1015565!16s%2Fg%2F1v2kx3rz!19sChIJ16tNNPZzhlQRfFQd7blHDuc?authuser=0&hl=en&rclk=1
ChIJbW0YnsdzhlQR2mtc9pcWMWw,McDonald's,"Classic, long-running fast-food chain known for its burgers & fries.",False,782,https://www.mcdonalds.com/ca/en-ca/restaurant-locator.html%3Fy_source%3D1_MTQ1MjA1OTMtNzE1LWxvY2F0aW9uLndlYnNpdGU%253D,McDonald's (Owner),https://www.google.com/maps/contrib/112414126825541402195,https://lh5.googleusercontent.com/p/AF1QipN8VlMCFSUBxs9FJnbevuN9K-08NBuKxBTYYHK_=w408-h306-k-no,Fast food restaurant,"Fast food restaurant, American restaurant, Breakfast restaurant, Cafe, Hamburger restaurant, Restaurant",3.5,6 a.m.-1 a.m.,,(604) 718-1191,"McDonald's, 1482 W Broadway, Vancouver, BC V6H 1H4","coffee, homeless, kids, big mac, manager, morning, parking, smell, cashier, drive through",https://www.google.com/maps/place/McDonald%27s/data=!4m7!3m6!1s0x548673c79e186d6d:0x6c311697f65c6bda!8m2!3d49.2633885!4d-123.1379777!16s%2Fg%2F1tmk85qc!19sChIJbW0YnsdzhlQR2mtc9pcWMWw?authuser=0&hl=en&rclk=1
ChIJq55dSgpwhlQRpg7WNNXbj-k,McDonald's,"Classic, long-running fast-food chain known for its burgers & fries.",False,714,https://www.mcdonalds.com/ca/en-ca/restaurant-locator.html?y_source=1_MTQ1MTk2MDUtNzE1LWxvY2F0aW9uLndlYnNpdGU%3D,McDonald's (Owner),https://www.google.com/maps/contrib/113040810301217349717,https://lh5.googleusercontent.com/p/AF1QipNOjK2iRy_rX5-7qUfhpGkUUK2HNTWqVTKIojqX=w408-h305-k-no,Fast food restaurant,"Fast food restaurant, American restaurant, Breakfast restaurant, Cafe, Hamburger restaurant, Restaurant",3.4,5 a.m.-2 a.m.,,(604) 904-6000,"McDonald's, 1200 Lynn Valley Rd #100, North Vancouver, BC V7J 2A2","drive through, manager, clean, price, parking, kids, morning, name, night, money",https://www.google.com/maps/place/McDonald%27s/data=!4m7!3m6!1s0x5486700a4a5d9eab:0xe98fdbd534d60ea6!8m2!3d49.3359792!4d-123.0406698!16s%2Fg%2F1tm0bhnd!19sChIJq55dSgpwhlQRpg7WNNXbj-k?authuser=0&hl=en&rclk=1
ChIJuXRpDd1zhlQR0yATbh-djVA,McDonald's,"Classic, long-running fast-food chain known for its burgers & fries.",False,656,https://www.mcdonalds.com/ca/en-ca/restaurant-locator.html%3Fy_source%3D1_MTQ1MTk5MzktNzE1LWxvY2F0aW9uLndlYnNpdGU%253D,McDonald's (Owner),https://www.google.com/maps/contrib/106467859253388095773,https://lh5.googleusercontent.com/p/AF1QipOpAmwEKvMegKvEL1ARS5VWbubC8p9m5ZXYqUud=w408-h306-k-no,Fast food restaurant,"Fast food restaurant, American restaurant, Breakfast restaurant, Cafe, Hamburger restaurant, Restaurant",3.5,6 a.m.-1 a.m.,,(604) 718-1061,"McDonald's, 537 W Broadway, Vancouver, BC V5Z 1E6","clean, manager, tables, floor, convenient, bus, big mac, morning, door, mcmuffin",https://www.google.com/maps/place/McDonald%27s/data=!4m7!3m6!1s0x548673dd0d6974b9:0x508d9d1f6e1320d3!8m2!3d49.2635405!4d-123.1162715!16s%2Fg%2F1hc4zfbwz!19sChIJuXRpDd1zhlQR0yATbh-djVA?authuser=0&hl=en&rclk=1
ChIJuTxh_YJxhlQRyA1xfPCJ6y4,McDonald's,"Classic, long-running fast-food chain known for its burgers & fries.",False,644,https://www.mcdonalds.com/ca/en-ca/restaurant-locator.html%3Fy_source%3D1_MTQ1MjAzMjItNzE1LWxvY2F0aW9uLndlYnNpdGU%253D,McDonald's (Owner),https://www.google.com/maps/contrib/105165272679716166527,https://lh5.googleusercontent.com/p/AF1QipPtqnuoiftv4Gi82WEhOsHnjrquTVtrNvxjm8_3=w408-h306-k-no,Fast food restaurant,"Fast food restaurant, American restaurant, Breakfast restaurant, Cafe, Hamburger restaurant, Restaurant",3.6,6 a.m.-9 p.m.,,(604) 718-1120,"McDonald's, Waterfront Centre, 200 Burrard St Unit 5, Vancouver, BC V6C 3L6","coffee, food court, price, manager, morning, lunch, machine, homeless, ketchup, app",https://www.google.com/maps/place/McDonald%27s/data=!4m7!3m6!1s0x54867182fd613cb9:0x2eeb89f07c710dc8!8m2!3d49.2875344!4d-123.1142855!16s%2Fg%2F1tr177yn!19sChIJuTxh_YJxhlQRyA1xfPCJ6y4?authuser=0&hl=en&rclk=1
ChIJRVgbDLNzhlQR4e6YR5VdRYQ,McDonald's,"Classic, long-running fast-food chain known for its burgers & fries.",False,602,https://www.mcdonalds.com/ca/en-ca/restaurant-locator.html%3Fy_source%3D1_MTQ1MjAxMjYtNzE1LWxvY2F0aW9uLndlYnNpdGU%253D,McDonald's (Owner),https://www.google.com/maps/contrib/110235302030676711247,https://lh5.googleusercontent.com/p/AF1QipNOeqg266mh9sToIMEf9dIYsUjRVj98cE0M6Tuq=w480-h240-k-no,Fast food restaurant,"Fast food restaurant, American restaurant, Breakfast restaurant, Cafe, Hamburger restaurant, Restaurant",3.5,6 a.m.-1 a.m.,,(604) 718-1185,"McDonald's, 2391 W 4th Ave, Vancouver, BC V6K 1P2","coffee, manager, bag, franchise, stars, straw, pickles, happy meal, parking, pay",https://www.google.com/maps/place/McDonald%27s/data=!4m7!3m6!1s0x548673b30c1b5845:0x84455d954798eee1!8m2!3d49.2684245!4d-123.1594542!16s%2Fg%2F1tj84jlz!19sChIJRVgbDLNzhlQR4e6YR5VdRYQ?authuser=0&hl=en&rclk=1
ChIJNRl0R7NxhlQRtbHZRjQ4mlM,McDonald's,"Classic, long-running fast-food chain known for its burgers & fries.",False,469,https://www.mcdonalds.com/ca/en-ca/restaurant-locator.html%3Fy_source%3D1_MTQ1MTk4MTAtNzE1LWxvY2F0aW9uLndlYnNpdGU%253D,McDonald's (Owner),https://www.google.com/maps/contrib/106857853558701974699,https://lh5.googleusercontent.com/p/AF1QipMuHeODcmkHIhgKJHYS2D5zj1vnJfOAr-frvmqS=w426-h240-k-no,Fast food restaurant,"Fast food restaurant, American restaurant, Breakfast restaurant, Cafe, Hamburger restaurant, Restaurant",3.1,6 a.m.-1 a.m.,,(604) 986-6100,"McDonald's, 157 Chadwick Ct, North Vancouver, BC V7M 3K2","coffee, manager, table, bus, morning, zero, waste, girl, rude, pay",https://www.google.com/maps/place/McDonald%27s/data=!4m7!3m6!1s0x548671b347741935:0x539a383446d9b1b5!8m2!3d49.3103842!4d-123.0835735!16s%2Fg%2F1tfbhf0h!19sChIJNRl0R7NxhlQRtbHZRjQ4mlM?authuser=0&hl=en&rclk=1
ChIJnzROuzt1hlQRvdTyP9WCqn0,McDonald's,"Classic, long-running fast-food chain known for its burgers & fries.",False,389,https://www.mcdonalds.com/ca/en-ca/restaurant-locator.html%3Fy_source%3D1_MTQ1MjAwMDQtNzE1LWxvY2F0aW9uLndlYnNpdGU%253D,McDonald's (Owner),https://www.google.com/maps/contrib/106614815623285000707,https://lh5.googleusercontent.com/p/AF1QipMxMZmFxiBZZ5mc5-sKoui9Re9BNVOq9Wv_TpB3=w408-h306-k-no,Fast food restaurant,"Fast food restaurant, American restaurant, Breakfast restaurant, Cafe, Hamburger restaurant, Restaurant",3.4,7 a.m.-11 p.m.,,(604) 370-2670,"McDonald's, 9251 Alderbridge Way, Richmond, BC V6X 0N1","coffee, manager, kids, nuggets, understaffed, sugar, happy meal, morning, fair, convenience",https://www.google.com/maps/place/McDonald%27s/data=!4m7!3m6!1s0x5486753bbb4e349f:0x7daa82d53ff2d4bd!8m2!3d49.1775538!4d-123.1201628!16s%2Fg%2F11f_0t6r36!19sChIJnzROuzt1hlQRvdTyP9WCqn0?authuser=0&hl=en&rclk=1
ChIJEzOHDZDYhVQRoNUKmJh4iUs,McDonald's,"Classic, long-running fast-food chain known for its burgers & fries.",False,357,https://www.mcdonalds.com/ca/en-ca/restaurant-locator.html%3Fy_source%3D1_MTQ1MTkxOTktNzE1LWxvY2F0aW9uLndlYnNpdGU%253D,McDonald's (Owner),https://www.google.com/maps/contrib/105240145178400649679,https://lh5.googleusercontent.com/p/AF1QipPMyMUeFXWjl-Rh8Cy-6GXtZ9C3tUlPaDvJzmO7=w494-h240-k-no,Fast food restaurant,"Fast food restaurant, American restaurant, Breakfast restaurant, Cafe, Hamburger restaurant, Restaurant",3.4,7 a.m.-10 p.m.,,(604) 718-1107,"McDonald's, 805 Boyd St, New Westminster, BC V3M 5G7","coffee, drive thru, flies, tables, manager, muffin, rude, morning, milkshake, 0",https://www.google.com/maps/place/McDonald%27s/data=!4m7!3m6!1s0x5485d8900d873313:0x4b897898980ad5a0!8m2!3d49.1914305!4d-122.9499925!16s%2Fg%2F1hc84j7w9!19sChIJEzOHDZDYhVQRoNUKmJh4iUs?authuser=0&hl=en&rclk=1
ChIJmQgpI213hlQRul-qIjkYqOs,McDonald's,"Classic, long-running fast-food chain known for its burgers & fries.",False,289,https://www.mcdonalds.com/ca/en-ca.html,McDonald's (Owner),https://www.google.com/maps/contrib/101794944189502509440,https://lh5.googleusercontent.com/p/AF1QipPuY6N9na5MlhW7FL3lu2LUrUG5EcvlqrzAO5Op=w408-h306-k-no,Fast food restaurant,Fast food restaurant,2.4,6:30 a.m.-11 p.m.,,(604) 299-2987,"McDonald's, 4501 Lougheed Hwy. P2501, Burnaby, BC V5C 3Z6","order, management, number, app, cashier, morning, trash, people, kitchen, teenagers",https://www.google.com/maps/place/McDonald%E2%80%99s/data=!4m7!3m6!1s0x5486776d23290899:0xeba8183922aa5fba!8m2!3d49.2666932!4d-123.0021153!16s%2Fg%2F11rwmf300c!19sChIJmQgpI213hlQRul-qIjkYqOs?authuser=0&hl=en&rclk=1
ChIJ2V7BLs1xhlQREOaQm6Z24IE,McDonald's,"Classic, long-running fast-food chain known for its burgers & fries.",False,213,https://www.mcdonalds.com/ca/en-ca/restaurant-locator.html%3Fy_source%3D1_MTQ1MTk3MDAtNzE1LWxvY2F0aW9uLndlYnNpdGU%253D,McDonald's (Owner),https://www.google.com/maps/contrib/111140041447279612477,https://lh5.googleusercontent.com/p/AF1QipNl9_gkPrmNN3hvpHMOLAh39ysxdl_mKk7zx347=w408-h306-k-no,Fast food restaurant,"Fast food restaurant, American restaurant, Breakfast restaurant, Cafe, Hamburger restaurant, Restaurant",3.3,7 a.m.-11 p.m.,,(604) 985-6757,"McDonald's, Wal-Mart - Capilano Mall, 925 Marine Dr, North Vancouver, BC V7P 1S2","coffee, ice cream",https://www.google.com/maps/place/McDonald%27s/data=!4m7!3m6!1s0x548671cd2ec15ed9:0x81e076a69b90e610!8m2!3d49.3208096!4d-123.1004622!16s%2Fg%2F1tql4ghv!19sChIJ2V7BLs1xhlQREOaQm6Z24IE?authuser=0&hl=en&rclk=1
ChIJ39WikQDWhVQRZ7-5dkgktQo,McDonald's,"Classic, long-running fast-food chain known for its burgers & fries.",False,133,https://www.mcdonalds.com/ca/en-ca/restaurant-locator.html%3Fy_source%3D1_MTQ1MTk3MjAtNzE1LWxvY2F0aW9uLndlYnNpdGU%253D,McDonald's (Owner),https://www.google.com/maps/contrib/110982330432548739080,https://lh5.googleusercontent.com/p/AF1QipOVB9rdM26EJqOrF46_SZ3vAj0Yz7lFm6-F2Vx5=w493-h240-k-no,Fast food restaurant,"Fast food restaurant, American restaurant, Breakfast restaurant, Cafe, Hamburger restaurant, Restaurant",3.2,7 a.m.-11 p.m.,,(604) 552-2870,"McDonald's, Freemont Village, 2150 Hawkins Street, Port Coquitlam, BC V3B 0G6","drink, clean, dining area, cashier, breakfast",https://www.google.com/maps/place/McDonald%27s/data=!4m7!3m6!1s0x5485d60091a2d5df:0xab5244876b9bf67!8m2!3d49.2544661!4d-122.735695!16s%2Fg%2F11gzt431g!19sChIJ39WikQDWhVQRZ7-5dkgktQo?authuser=0&hl=en&rclk=1
